source,target,code
/services-infant-care,/programs/infant-care,301
/services-toddler-care,/programs/toddler-care,301
/services-preschool,/programs/preschool,301
/services-pre-k-lottery,/programs/pre-k,301
/services-after-school,/programs/after-school,301
/services-kindergarten,/programs/kindergarten,301
/foundations-for-learning,/programs/foundations-for-learning,301
/service-areas-cherokee-ga,/locations/cherokee,301
/service-areas-johns-creek-ga,/locations/johns-creek,301
/service-areas-lawrenceville-ga,/locations/lawrenceville,301
/service-areas-lilburn-ga,/locations/lilburn,301
/service-areas-marietta-east-ga,/locations/marietta-east,301
/service-areas-marietta-west-ga,/locations/marietta-west,301
/service-areas-roswell-ga,/locations/roswell,301
/service-areas-ellenwood-ga,/locations/ellenwood,301
/service-areas-pleasanthill-ga,/locations/pleasant-hill,301
/service-areas-satellite-ga,/locations/satellite,301
/service-areas-rivergreen-ga,/locations/river-green,301
/service-areas-jonesboro-ga,/locations/jonesboro,301
/service-areas-mcdonough-ga,/locations/mcdonough,301
/service-areas-southcobb-ga,/locations/south-cobb,301
/service-areas-tyrone-ga,/locations/tyrone,301
/service-areas-midway-alpharetta-ga,/locations/midway-alpharetta,301
/service-areas-tramore-ga,/locations/tramore,301
/service-areas-murraysville-ga,/locations/murraysville,301
/service-areas-newnan-ga,/locations/newnan,301
/tour-appointment,/contact-us#tour,301
/site-enrollment-form,/enroll,301
/privacy-and-families-rights-policy,/privacy-policy,301
/post/childcare-blogs,/stories,301
/blog,/stories,301
